"Bug编号","所属产品","所属模块","所属项目","所属执行","所属计划","相关需求","相关任务","Bug标题","关键词","严重程度","优先级","Bug类型","操作系统","浏览器","重现步骤","Bug状态","截止日期","激活次数","激活时间","是否确认","抄送给","由谁创建","创建日期","影响版本","指派给","指派日期","解决者","解决方案","解决版本","解决日期","由谁关闭","关闭日期","重复Bug","相关Bug","来源用例","最后修改者","修改日期","附件","反馈者","通知邮箱"
"12	","AI 客服系统(#1)","/MCP(#363)","AI 客服系统质量保障(#1)","","","","(#0)","MCP 工具列表返回的参数 schema 不完整","","3(#3)","3(#3)","标准规范(#standard)","","","[步骤]tools/list 返回的 schema 缺字段描述或类型不匹配

[结果]

[期望]
","激活(#active)","","0	","","未确认(#0)","","admin","2026-10-05 19:29:48","主干(#trunk)","","","","","","","","","","","(#0)","","","","","",""
"11	","AI 客服系统(#1)","/MCP(#363)","AI 客服系统质量保障(#1)","","","","(#0)","MCP 能力声明与实际实现不一致","","3(#3)","3(#3)","标准规范(#standard)","","","[步骤]握手时声明支持的能力，实际调用不生效

[结果]

[期望]
","激活(#active)","","0	","","未确认(#0)","","admin","2026-10-05 19:29:01","主干(#trunk)","","","","","","","","","","","(#0)","","","","","",""
"10	","AI 客服系统(#1)","/MCP(#363)","","","","","(#0)","MCP 错误信息含糊，无法定位失败原因","","3(#3)","3(#3)","代码错误(#codeerror)","","","[步骤]调用失败时只返回通用错误，未说明是哪个参数出问题

[结果]

[期望]
","激活(#active)","","0	","","未确认(#0)","","admin","2026-10-05 19:28:26","主干(#trunk)","","","","","","","","","","","(#0)","","","","","",""
"9	","AI 客服系统(#1)","/MCP(#363)","AI 客服系统质量保障(#1)","","","","(#0)","MCP 工具调用缺少必填参数校验","","3(#3)","3(#3)","标准规范(#standard)","","","[步骤]少传必填参数 → 期望明确报错，实际静默成功或行为不可预期

[结果]

[期望]
","激活(#active)","","0	","","未确认(#0)","","admin","2026-10-05 19:27:40","主干(#trunk)","","","","","","","","","","","(#0)","","","","","",""
"8	","AI 客服系统(#1)","/AGENT(#364)","AI 客服系统质量保障(#1)","","","","(#0)","Agent 原样回显工具返回的脚本标签（脏数据传播）","","2(#2)","2(#2)","安全相关(#security)","","","[步骤]工具返回的标题含 <ｓｃｒｉｐｔ> → Agent 原样吐出，未做净化

[结果]

[期望]
","激活(#active)","","0	","","未确认(#0)","","admin","2026-10-05 19:26:56","主干(#trunk)","","","","","","","","","","","(#0)","","","","","",""
"7	","AI 客服系统(#1)","/RAG(#362)","AI 客服系统质量保障(#1)","","","","(#0)","知识库注入：恶意文档中的指令被执行","","1(#1)","1(#1)","安全相关(#security)","","","[步骤]隔离测试强制把恶意片段放进上下文 → 模型按恶意指令作答（可篡改官方政策）

[结果]

[期望]
","激活(#active)","","0	","","未确认(#0)","","admin","2026-10-05 19:26:15","主干(#trunk)","","","","","","","","","","","(#0)","","","","","",""
"6	","AI 客服系统(#1)","/RAG(#362)","AI 客服系统质量保障(#1)","","","","(#0)","RAG 检索排序不达标：纯标题片段抢占 Top-1","","2(#2)","2(#2)","设计缺陷(#designdefect)","","","[步骤]检索层 Recall 100%，但生成层 ContextualPrecision 0.625 < 阈值 0.70

[结果]

[期望]
","激活(#active)","","0	","","未确认(#0)","","admin","2026-10-05 19:25:05","主干(#trunk)","","","","","","","","","","","(#0)","","","","","",""
"4	","AI 客服系统(#1)","/任务接口(#360)","AI 客服系统质量保障(#1)","","","","(#0)","done` 字段响应类型与契约不一致（整数 0/1 vs 布尔）","","3(#3)","3(#3)","代码错误(#codeerror)","","","[步骤]done` 字段响应类型与契约不一致（整数 0/1 vs 布尔）

[结果]

[期望]
","激活(#active)","","0	","","未确认(#0)","","admin","2026-10-05 19:23:18","主干(#trunk)","","","","","","","","","","","(#0)","","","","","",""
"3	","AI 客服系统(#1)","/任务接口(#360)","AI 客服系统质量保障(#1)","","","","(#0)","OpenAPI 未声明标题长度限制，实现却拒绝 >100 字符","","3(#3)","3(#3)","标准规范(#standard)","","","[步骤]title` 传 101 字符 → 实际返回 422，但接口文档里**没有任何长度约束**

[结果]

[期望]
","激活(#active)","","0	","","未确认(#0)","","admin","2026-10-05 19:22:42","主干(#trunk)","","","","","","","","","","","(#0)","","","","","",""
"2	","AI 客服系统(#1)","/任务接口(#360)","AI 客服系统质量保障(#1)","","","","(#0)","查询不存在的任务 id 返回 500 并泄漏堆栈","","2(#2)","2(#2)","代码错误(#codeerror)","","","[步骤]GET /tasks/not-exist-id

[结果]实际 500，日志里还打了完整堆栈

[期望]期望 404
","激活(#active)","","0	","","未确认(#0)","","admin","2026-10-05 19:21:54","主干(#trunk)","","","","","","","","","","","(#0)","","","","","",""
"1	","AI 客服系统(#1)","/任务接口(#360)","AI 客服系统质量保障(#1)","","","","(#0)","删除接口未校验登录态，未授权可删除任意任务","","1(#1)","1(#1)","安全相关(#security)","","","[步骤]不带 Authorization 直接 DELETE /tasks/{id} 

[结果]204 且数据被真的删掉

[期望]期望 401
","激活(#active)","","0	","","未确认(#0)","","admin","2026-10-05 19:20:20","主干(#trunk)","","","","","","","","","","","(#0)","","","","","",""
